n,method,p,q,ring_dim,id_bits,x_bits,output_modulus,lut_entries,lut_bytes,evaluation_key_bytes,keygen_ms,preprocessing_ms,encryption_ms,decryption_ms,median_ms,peak_rss_kib,verified,failures,pbs_per_eval,cmux_calls_per_eval
2,fused,16,4096,4096,1,2,16,4096,32768,9945450650,100994.442442,0.018963,0.368827,0.12737600000000002,1680.585012,10018244,10,0,2,0
2,negacyclic,16,4096,4096,1,2,16,4096,32768,9945450650,100931.605633,0.036152,0.3991,0.11930700000000001,840.7265875,10017972,10,0,1,0
2,cmux,4,2048,2048,1,2,16,0,0,4972939418,50667.127237,0.001091,1.708711,0.41367,7276.706776,4947220,10,0,18,6
4,fused,16,4096,4096,2,2,16,4096,32768,9945450650,101512.238752,0.028153,0.48672,0.23016900000000004,1683.7205845,10018252,18,0,2,0
4,negacyclic,32,8192,8192,2,2,16,8192,65536,19890473114,202211.235487,0.071119,0.446364,0.23403100000000002,1763.9939705,20552940,18,0,1,0
4,cmux,4,2048,2048,2,2,16,0,0,4972939418,50583.846087,0.000885,1.316435,0.236676,14518.455279999998,4947396,6,0,36,12
8,fused,32,8192,8192,3,2,16,8192,65536,19890473114,202693.950112,0.05406,0.643258,0.133209,3516.8932194999998,20553160,10,0,2,0
8,cmux,4,2048,2048,3,2,16,0,0,4972939418,50426.096472,0.00098,1.358068,0.19397900000000004,29050.493024,4947512,5,0,72,24
16,cmux,4,2048,2048,4,2,16,0,0,4972939418,50684.666299,0.000575,1.687247,0.24690100000000004,47206.7885,4947588,5,0,117,39
